ON,FID,COV,MMS,Density,APD
train_vs_test,-1516.974594116211,1.0,4.913267563800423,1.1545454545454545,10.875055313110352
ASCVAE,85.69903469085693,0.7142857142857143,1.6675949042493647,0.6612244897959184,2.517970323562622
ACVAE,175.51590728759766,0.32653061224489793,1.7832141735336997,0.13877551020408163,3.3884124755859375
