ON,FID,COV,MMS,Density,APD
train_vs_test,14.358853995800018,1.0,3.3398085202489582,1.0666666666666667,54.684704
trainVStest_gen,-100663283.44748497,0.9142857142857143,2.094932551043374,0.7257142857142858,11.739063
