ON,FID,COV,MMS,Density,APD
train_vs_test,144.34355926513672,1.0,16.619965436507243,0.9272727272727274,31.99017906188965
ASCVAE,-46803.78353881836,0.673469387755102,8.295340949838812,0.47755102040816333,0.0
ACVAE,440.9539337158203,0.7551020408163265,9.195289308374578,0.6775510204081634,22.203752517700195
