ON,FID,COV,MMS,Density,APD
train_vs_test,45.174652099609375,1.0,10.771397263663156,1.0333333333333334,0.0
trainVStest_gen,744.5223045349121,0.7142857142857143,12.595546708788191,0.18285714285714286,5.247912
