ON,FID,COV,MMS,Density,APD
train_vs_test,35.238338470458984,1.0,10.521888971328735,1.0818181818181818,23.73558
ASCVAE,444.44276428222656,0.6326530612244898,3.204137449914759,0.3836734693877551,25.844336
ACVAE,-4456019.901123047,0.6530612244897959,4.542102922092784,0.5224489795918367,5.9312997
