ON,FID,COV,MMS,Density,APD
train_vs_test,15.057512283325195,1.0,6.490984923498971,1.127777777777778,7.7229147
trainVStest_gen,232.47897338867188,0.8285714285714286,4.631432049615043,0.45714285714285713,16.167973
