ON,FID,COV,MMS,Density,APD
train_vs_test,159.72853088378906,1.0,16.55355215832895,0.8272727272727274,20.83416
ASCVAE,5480.671607971191,0.4897959183673469,10.69177787954157,0.5551020408163265,60.765656
ACVAE,1239.899169921875,0.5102040816326531,10.939509250900961,0.4244897959183674,10.175432
