ON,FID,COV,MMS,Density,APD
train_vs_test,104.95358276367188,0.9722222222222222,15.41827744778096,0.8722222222222222,12.100015
trainVStest_gen,1813.6844482421875,0.6857142857142857,12.400502936542035,0.6914285714285715,46.587112
