ON,FID,COV,MMS,Density,APD
train_vs_test,26555.66205079649,1.0,92.888765072336,1.1090909090909091,305.3065
ASCVAE,9882.554424752469,0.6938775510204082,58.69570775465532,0.6653061224489796,0.0
ACVAE,38186.747538876196,0.3673469387755102,60.59723715348677,0.20816326530612247,64.07486
